http://aybabtu.chez.com/cdmage1-02-1b5.zip	ok:cdmage1-02-1b5.zip
http://aybabtu.chez.com/kHn/SOFTWARES/POPStarter_r13_WIP_06_OBT_20170128.zip	ok:POPStarter_r13_WIP_06_OBT_20170128.zip
http://i205.photobucket.com/albums/bb235/El_Patas/POPS/pops05_zps81df52b9.jpg	ok:pops05_zps81df52b9.jpg
http://sksapps.com/media/RadHostClient.zip	ok:RadHostClient.zip
http://www.romhacking.net/utilities/screenshots/356screenshot1.gif	ok:356screenshot1.gif
http://www.sksapps.com/hd/pfsshell-0.2a.zip	ok:pfsshell-0.2a.zip
https://bitbucket.org/ShaolinAssassin/popstarter-documentation-stuff/downloads/BATCHER_0.3.1.EXE	FAIL:magic(b'<!DO')
https://bitbucket.org/ShaolinAssassin/popstarter-documentation-stuff/downloads/CHEATS.TXT	ok:CHEATS.TXT
https://bitbucket.org/ShaolinAssassin/popstarter-documentation-stuff/downloads/CUE2POPS_2.3.7z	FAIL:magic(b'<!DO')
https://bitbucket.org/ShaolinAssassin/popstarter-documentation-stuff/downloads/Compatibility%20Modes.zip	no-snapshot
https://bitbucket.org/ShaolinAssassin/popstarter-documentation-stuff/downloads/Compatibility_Modes.7z	FAIL:magic(b'<!DO')
https://bitbucket.org/ShaolinAssassin/popstarter-documentation-stuff/downloads/DISCS_POOPER.BAT.7z	no-snapshot
https://bitbucket.org/ShaolinAssassin/popstarter-documentation-stuff/downloads/DISCS_POOPER.EXE	ok:DISCS_POOPER.EXE
https://bitbucket.org/ShaolinAssassin/popstarter-documentation-stuff/downloads/DS3_modules_BT_20171017.7z	ok:DS3_modules_BT_20171017.7z
https://bitbucket.org/ShaolinAssassin/popstarter-documentation-stuff/downloads/DS3_modules_USB_20171017.7z	ok:DS3_modules_USB_20171017.7z
https://bitbucket.org/ShaolinAssassin/popstarter-documentation-stuff/downloads/Disc_Combining_Kits.7z	ok:Disc_Combining_Kits.7z
https://bitbucket.org/ShaolinAssassin/popstarter-documentation-stuff/downloads/FORCEPAL_PATCH.7z	ok:FORCEPAL_PATCH.7z
https://bitbucket.org/ShaolinAssassin/popstarter-documentation-stuff/downloads/Game%20Fixes.zip	no-snapshot
https://bitbucket.org/ShaolinAssassin/popstarter-documentation-stuff/downloads/Game_Fixes.7z	no-snapshot
https://bitbucket.org/ShaolinAssassin/popstarter-documentation-stuff/downloads/IGR_Behaviour_Modifiers.7z	FAIL:magic(b'<!DO')
https://bitbucket.org/ShaolinAssassin/popstarter-documentation-stuff/downloads/IGR_Behaviour_Modifiers.zip	no-snapshot
https://bitbucket.org/ShaolinAssassin/popstarter-documentation-stuff/downloads/IGR_sample_kit.7z	FAIL:magic(b'<!DO')
https://bitbucket.org/ShaolinAssassin/popstarter-documentation-stuff/downloads/IGR_textures_-_Chinese_pack.7z	ok:IGR_textures_-_Chinese_pack.7z
https://bitbucket.org/ShaolinAssassin/popstarter-documentation-stuff/downloads/IGR_textures_-_English_pack.7z	FAIL:magic(b'<!DO')
https://bitbucket.org/ShaolinAssassin/popstarter-documentation-stuff/downloads/IGR_textures_-_French_pack.7z	FAIL:magic(b'<!DO')
https://bitbucket.org/ShaolinAssassin/popstarter-documentation-stuff/downloads/IGR_textures_-_German_Pack.7z	FAIL:magic(b'<!DO')
https://bitbucket.org/ShaolinAssassin/popstarter-documentation-stuff/downloads/IGR_textures_-_Polish_pack.7z	FAIL:magic(b'<!DO')
https://bitbucket.org/ShaolinAssassin/popstarter-documentation-stuff/downloads/IGR_textures_-_Portuguese_pack.7z	FAIL:magic(b'<!DO')
https://bitbucket.org/ShaolinAssassin/popstarter-documentation-stuff/downloads/IGR_textures_-_Spanish_pack.7z	FAIL:magic(b'<!DO')
https://bitbucket.org/ShaolinAssassin/popstarter-documentation-stuff/downloads/NOPAL_PATCH.7z	FAIL:magic(b'<?xm')
https://bitbucket.org/ShaolinAssassin/popstarter-documentation-stuff/downloads/POPStarter%20r13%20WIP%2005.zip	no-snapshot
https://bitbucket.org/ShaolinAssassin/popstarter-documentation-stuff/downloads/POPStarter_BATCHER_06192016.7z	FAIL:magic(b'<!DO')
https://bitbucket.org/ShaolinAssassin/popstarter-documentation-stuff/downloads/POPStarter_HDD_Quickstarter_Pack_20171027.7z	ok:POPStarter_HDD_Quickstarter_Pack_20171027.7z
https://bitbucket.org/ShaolinAssassin/popstarter-documentation-stuff/downloads/POPStarter_HDD_Quickstarter_Pack_20200209.zip	ok:POPStarter_HDD_Quickstarter_Pack_20200209.zip
https://bitbucket.org/ShaolinAssassin/popstarter-documentation-stuff/downloads/POPStarter_Quickstarter_Pack_HDD_2017_01_10.7z	no-snapshot
https://bitbucket.org/ShaolinAssassin/popstarter-documentation-stuff/downloads/POPStarter_Quickstarter_Pack_USB__2017_01_10.7z	no-snapshot
https://bitbucket.org/ShaolinAssassin/popstarter-documentation-stuff/downloads/POPStarter_SMB_Quickstarter_Pack_20171027.7z	no-snapshot
https://bitbucket.org/ShaolinAssassin/popstarter-documentation-stuff/downloads/POPStarter_SMB_Quickstarter_Pack_20200209.zip	ok:POPStarter_SMB_Quickstarter_Pack_20200209.zip
https://bitbucket.org/ShaolinAssassin/popstarter-documentation-stuff/downloads/POPStarter_USB_Quickstarter_Pack_20171027.7z	FAIL:magic(b'<!DO')
https://bitbucket.org/ShaolinAssassin/popstarter-documentation-stuff/downloads/POPStarter_USB_Quickstarter_Pack_20200209.zip	ok:POPStarter_USB_Quickstarter_Pack_20200209.zip
https://bitbucket.org/ShaolinAssassin/popstarter-documentation-stuff/downloads/POPStarter_r13_Beta_20190605.zip	ok:POPStarter_r13_Beta_20190605.zip
https://bitbucket.org/ShaolinAssassin/popstarter-documentation-stuff/downloads/POPStarter_r13_RIP_06.zip	ok:POPStarter_r13_RIP_06.zip
https://bitbucket.org/ShaolinAssassin/popstarter-documentation-stuff/downloads/POPStarter_r13_WIP_06_OBT_13_20151207.zip	no-snapshot
https://bitbucket.org/ShaolinAssassin/popstarter-documentation-stuff/downloads/PPF_Bunch_pack.7z	FAIL:magic(b'<!DO')
https://bitbucket.org/ShaolinAssassin/popstarter-documentation-stuff/downloads/RadHostClient_1.8a.7z	ok:RadHostClient_1.8a.7z
https://bitbucket.org/ShaolinAssassin/popstarter-documentation-stuff/downloads/SAMPLE_CHEATS.TXT	no-snapshot
https://bitbucket.org/ShaolinAssassin/popstarter-documentation-stuff/downloads/hddosd_sample_files.7z	FAIL:magic(b'<!DO')
https://bitbucket.org/ShaolinAssassin/popstarter-documentation-stuff/downloads/network_modules.7z	FAIL:magic(b'<!DO')
https://bitbucket.org/ShaolinAssassin/popstarter-documentation-stuff/downloads/network_modules.zip	no-snapshot
https://bitbucket.org/ShaolinAssassin/popstarter-documentation-stuff/downloads/pfsshell-0.2a.7z	ok:pfsshell-0.2a.7z
https://bitbucket.org/ShaolinAssassin/popstarter-documentation-stuff/downloads/uLE_kHn_20160723.7z	FAIL:magic(b'<!DO')
https://bitbucket.org/ShaolinAssassin/popstarter-documentation-stuff/downloads/uLE_kHn_20191110.zip	FAIL:magic(b'<!DO')
https://bitbucket.org/repo/Mpy7Eg/images/1015559614-snapshot20150630093131.jpg	ok:1015559614-snapshot20150630093131.jpg
https://bitbucket.org/repo/Mpy7Eg/images/1054358446-TR2_BEFORE.JPG	ok:1054358446-TR2_BEFORE.JPG
https://bitbucket.org/repo/Mpy7Eg/images/1060162485-04_bmp10.jpg	ok:1060162485-04_bmp10.jpg
https://bitbucket.org/repo/Mpy7Eg/images/1094748012-TOMB_RAIDER_II_WIDE.jpg	FAIL:magic(b'<!DO')
https://bitbucket.org/repo/Mpy7Eg/images/1107731472-snapshot20150630093826.jpg	ok:1107731472-snapshot20150630093826.jpg
https://bitbucket.org/repo/Mpy7Eg/images/113818886-snapshot20150630100128.jpg	ok:113818886-snapshot20150630100128.jpg
https://bitbucket.org/repo/Mpy7Eg/images/1141486238-CRASH_BANDICOOT_2_WIDE.jpg	ok:1141486238-CRASH_BANDICOOT_2_WIDE.jpg
https://bitbucket.org/repo/Mpy7Eg/images/1144105031-07_bmp10.jpg	ok:1144105031-07_bmp10.jpg
https://bitbucket.org/repo/Mpy7Eg/images/1165364186-Playstation-Button-L2.png	ok:1165364186-Playstation-Button-L2.png
https://bitbucket.org/repo/Mpy7Eg/images/1177744224-6.png	ok:1177744224-6.png
https://bitbucket.org/repo/Mpy7Eg/images/122718397-spop.png	ok:122718397-spop.png
https://bitbucket.org/repo/Mpy7Eg/images/1241696584-default_VMC.JPG	ok:1241696584-default_VMC.JPG
https://bitbucket.org/repo/Mpy7Eg/images/1257474298-GT_AFTER.JPG	ok:1257474298-GT_AFTER.JPG
https://bitbucket.org/repo/Mpy7Eg/images/1258137434-pops05_zps81df52b9.jpg	ok:1258137434-pops05_zps81df52b9.jpg
https://bitbucket.org/repo/Mpy7Eg/images/126152954-15_bmp10.jpg	ok:126152954-15_bmp10.jpg
https://bitbucket.org/repo/Mpy7Eg/images/135421393-TEKKEN2_AFTER.JPG	ok:135421393-TEKKEN2_AFTER.JPG
https://bitbucket.org/repo/Mpy7Eg/images/137826717-PREVIEW.JPG	ok:137826717-PREVIEW.JPG
https://bitbucket.org/repo/Mpy7Eg/images/1390009092-IGR_BG.png	ok:1390009092-IGR_BG.png
https://bitbucket.org/repo/Mpy7Eg/images/1415872802-Playstation-Button-L1.png	ok:1415872802-Playstation-Button-L1.png
https://bitbucket.org/repo/Mpy7Eg/images/142663629-1.png	ok:142663629-1.png
https://bitbucket.org/repo/Mpy7Eg/images/1438346262-snapshot20150630093837.jpg	ok:1438346262-snapshot20150630093837.jpg
https://bitbucket.org/repo/Mpy7Eg/images/1450475876-SYPHON_FILTER_WIDE.jpg	FAIL:magic(b'<?xm')
https://bitbucket.org/repo/Mpy7Eg/images/1470393228-lopoprev.png	ok:1470393228-lopoprev.png
https://bitbucket.org/repo/Mpy7Eg/images/1495547016-CRIME_KILLER_BEFORE.JPG	ok:1495547016-CRIME_KILLER_BEFORE.JPG
https://bitbucket.org/repo/Mpy7Eg/images/1520820435-CRIME_KILLER_AFTER.JPG	ok:1520820435-CRIME_KILLER_AFTER.JPG
https://bitbucket.org/repo/Mpy7Eg/images/1562921491-POPSLOADPATH.JPG	ok:1562921491-POPSLOADPATH.JPG
https://bitbucket.org/repo/Mpy7Eg/images/1601087869-2.png	ok:1601087869-2.png
https://bitbucket.org/repo/Mpy7Eg/images/1627884080-COOL_BOARDERS_3_WIDE.jpg	ok:1627884080-COOL_BOARDERS_3_WIDE.jpg
https://bitbucket.org/repo/Mpy7Eg/images/164592225-4.png	ok:164592225-4.png
https://bitbucket.org/repo/Mpy7Eg/images/1646263520-Original.png	ok:1646263520-Original.png
https://bitbucket.org/repo/Mpy7Eg/images/1667454086-DINO_CRISIS_BEFORE.JPG	ok:1667454086-DINO_CRISIS_BEFORE.JPG
https://bitbucket.org/repo/Mpy7Eg/images/1712503932-Playstation-Button-R2.png	ok:1712503932-Playstation-Button-R2.png
https://bitbucket.org/repo/Mpy7Eg/images/1720317623-APE_ESCAPE_COMP.JPG	FAIL:magic(b'<!DO')
https://bitbucket.org/repo/Mpy7Eg/images/1728664636-snapshot20150630100121.jpg	ok:1728664636-snapshot20150630100121.jpg
https://bitbucket.org/repo/Mpy7Eg/images/1731981611-2.png	FAIL:magic(b'<!DO')
https://bitbucket.org/repo/Mpy7Eg/images/1733219964-CB_BEFORE.JPG	ok:1733219964-CB_BEFORE.JPG
https://bitbucket.org/repo/Mpy7Eg/images/1801209607-SLED_STORM_AFTER.JPG	ok:1801209607-SLED_STORM_AFTER.JPG
https://bitbucket.org/repo/Mpy7Eg/images/1817022192-06_bmp10.jpg	ok:1817022192-06_bmp10.jpg
https://bitbucket.org/repo/Mpy7Eg/images/1892307345-4.png	ok:1892307345-4.png
https://bitbucket.org/repo/Mpy7Eg/images/1931026142-snapshot20150630093525.jpg	ok:1931026142-snapshot20150630093525.jpg
https://bitbucket.org/repo/Mpy7Eg/images/1963149811-ELF_ID.JPG	ok:1963149811-ELF_ID.JPG
https://bitbucket.org/repo/Mpy7Eg/images/2013401434-animated_preview.gif	ok:2013401434-animated_preview.gif
https://bitbucket.org/repo/Mpy7Eg/images/2015873215-007_TND_WIDE.jpg	ok:2015873215-007_TND_WIDE.jpg
https://bitbucket.org/repo/Mpy7Eg/images/202135531-Playstation-Dpad-Down.png	ok:202135531-Playstation-Dpad-Down.png
https://bitbucket.org/repo/Mpy7Eg/images/2142941461-16_bmp10.jpg	ok:2142941461-16_bmp10.jpg
https://bitbucket.org/repo/Mpy7Eg/images/2153831563-ESdBYV.jpg	ok:2153831563-ESdBYV.jpg
https://bitbucket.org/repo/Mpy7Eg/images/2161126556-TR2_AFTER.JPG	ok:2161126556-TR2_AFTER.JPG
https://bitbucket.org/repo/Mpy7Eg/images/2283666138-Playstation-Button-R2.png	ok:2283666138-Playstation-Button-R2.png
https://bitbucket.org/repo/Mpy7Eg/images/2290081780-14_bmp10.jpg	ok:2290081780-14_bmp10.jpg
https://bitbucket.org/repo/Mpy7Eg/images/2305602969-snapshot20150630092350.jpg	ok:2305602969-snapshot20150630092350.jpg
https://bitbucket.org/repo/Mpy7Eg/images/2335199077-snapshot20150630095832.jpg	ok:2335199077-snapshot20150630095832.jpg
https://bitbucket.org/repo/Mpy7Eg/images/2374122730-Playstation-Dpad-Right.png	ok:2374122730-Playstation-Dpad-Right.png
https://bitbucket.org/repo/Mpy7Eg/images/2421937786-MGSVR_AFTER.JPG	ok:2421937786-MGSVR_AFTER.JPG
https://bitbucket.org/repo/Mpy7Eg/images/2425094621-TEAM_BUDDIES_WIDE.jpg	FAIL:magic(b'<!DO')
https://bitbucket.org/repo/Mpy7Eg/images/2492885343-MGSVR_BEFORE2.JPG	ok:2492885343-MGSVR_BEFORE2.JPG
https://bitbucket.org/repo/Mpy7Eg/images/2494224678-noscan.jpg	ok:2494224678-noscan.jpg
https://bitbucket.org/repo/Mpy7Eg/images/2510906259-Playstation-Lstick-Neutral.png	ok:2510906259-Playstation-Lstick-Neutral.png
https://bitbucket.org/repo/Mpy7Eg/images/252484355-BROAD_AFTER.JPG	ok:252484355-BROAD_AFTER.JPG
https://bitbucket.org/repo/Mpy7Eg/images/2539756753-snapshot20150630095840.jpg	ok:2539756753-snapshot20150630095840.jpg
https://bitbucket.org/repo/Mpy7Eg/images/2565677352-XMB%20v1.png	ok:2565677352-XMB-v1.png
https://bitbucket.org/repo/Mpy7Eg/images/2636724756-57067464.JPG	FAIL:magic(b'<?xm')
https://bitbucket.org/repo/Mpy7Eg/images/2651471562-Playstation-Button-T.png	ok:2651471562-Playstation-Button-T.png
https://bitbucket.org/repo/Mpy7Eg/images/2667142094-356screenshot1.gif	ok:2667142094-356screenshot1.gif
https://bitbucket.org/repo/Mpy7Eg/images/2691718556-Playstation-Button-Start.png	ok:2691718556-Playstation-Button-Start.png
https://bitbucket.org/repo/Mpy7Eg/images/2692334343-FF7_AFTER.JPG	ok:2692334343-FF7_AFTER.JPG
https://bitbucket.org/repo/Mpy7Eg/images/270560112-16h0lcg.jpg	FAIL:magic(b'\x89PNG')
https://bitbucket.org/repo/Mpy7Eg/images/2708055074-RE_AFTER.JPG	ok:2708055074-RE_AFTER.JPG
https://bitbucket.org/repo/Mpy7Eg/images/2713835435-2437330.JPG	ok:2713835435-2437330.JPG
https://bitbucket.org/repo/Mpy7Eg/images/2762667495-GT_BEFORE.JPG	ok:2762667495-GT_BEFORE.JPG
https://bitbucket.org/repo/Mpy7Eg/images/2785125941-10_bmp10.jpg	ok:2785125941-10_bmp10.jpg
https://bitbucket.org/repo/Mpy7Eg/images/2807855345-preview_en.png	ok:2807855345-preview_en.png
https://bitbucket.org/repo/Mpy7Eg/images/2826578338-DINO_CRISIS_AFTER.JPG	ok:2826578338-DINO_CRISIS_AFTER.JPG
https://bitbucket.org/repo/Mpy7Eg/images/28454758-Sans-titre-1.jpg	ok:28454758-Sans-titre-1.jpg
https://bitbucket.org/repo/Mpy7Eg/images/2892165152-prev.png	ok:2892165152-prev.png
https://bitbucket.org/repo/Mpy7Eg/images/2923635691-snapshot20150630093014.jpg	ok:2923635691-snapshot20150630093014.jpg
https://bitbucket.org/repo/Mpy7Eg/images/2977370029-CROC_AFTER.JPG	ok:2977370029-CROC_AFTER.JPG
https://bitbucket.org/repo/Mpy7Eg/images/2984521000-Playstation-Button-Select.png	ok:2984521000-Playstation-Button-Select.png
https://bitbucket.org/repo/Mpy7Eg/images/3011564833-Playstation-Button-S.png	ok:3011564833-Playstation-Button-S.png
https://bitbucket.org/repo/Mpy7Eg/images/3030887753-MGSVR_BEFORE.JPG	ok:3030887753-MGSVR_BEFORE.JPG
https://bitbucket.org/repo/Mpy7Eg/images/3050099753-Playstation-Button-T.png	ok:3050099753-Playstation-Button-T.png
https://bitbucket.org/repo/Mpy7Eg/images/3079453247-CMR2_AFTER.JPG	ok:3079453247-CMR2_AFTER.JPG
https://bitbucket.org/repo/Mpy7Eg/images/310130791-Playstation-Button-X.png	ok:310130791-Playstation-Button-X.png
https://bitbucket.org/repo/Mpy7Eg/images/3117688129-bez%C3%82%C2%A0tytu%C5%82u.png	FAIL:magic(b'<!DO')
https://bitbucket.org/repo/Mpy7Eg/images/3131716167-KELF_ID.JPG	ok:3131716167-KELF_ID.JPG
https://bitbucket.org/repo/Mpy7Eg/images/318670110-PS2%20v3.png	ok:318670110-PS2-v3.png
https://bitbucket.org/repo/Mpy7Eg/images/31908355-BROAD_BEFORE.JPG	ok:31908355-BROAD_BEFORE.JPG
https://bitbucket.org/repo/Mpy7Eg/images/3199916752-Playstation-Dpad-Up.png	ok:3199916752-Playstation-Dpad-Up.png
https://bitbucket.org/repo/Mpy7Eg/images/3283922665-1.png	ok:3283922665-1.png
https://bitbucket.org/repo/Mpy7Eg/images/3289115186-3.png	ok:3289115186-3.png
https://bitbucket.org/repo/Mpy7Eg/images/3308953039-IGR_YES.png	ok:3308953039-IGR_YES.png
https://bitbucket.org/repo/Mpy7Eg/images/3347180503-SLED_STORM_BEFORE.JPG	ok:3347180503-SLED_STORM_BEFORE.JPG
https://bitbucket.org/repo/Mpy7Eg/images/3387794816-05_bmp10.jpg	ok:3387794816-05_bmp10.jpg
https://bitbucket.org/repo/Mpy7Eg/images/3405191067-Playstation-Button-Select.png	ok:3405191067-Playstation-Button-Select.png
https://bitbucket.org/repo/Mpy7Eg/images/3460739571-08_bmp10.jpg	ok:3460739571-08_bmp10.jpg
https://bitbucket.org/repo/Mpy7Eg/images/3507486238-Playstation-Button-R1.png	ok:3507486238-Playstation-Button-R1.png
https://bitbucket.org/repo/Mpy7Eg/images/351997-new.gif	ok:351997-new.gif
https://bitbucket.org/repo/Mpy7Eg/images/3580807090-Playstation-Rstick-Neutral.png	ok:3580807090-Playstation-Rstick-Neutral.png
https://bitbucket.org/repo/Mpy7Eg/images/3600508499-preview_sp.png	ok:3600508499-preview_sp.png
https://bitbucket.org/repo/Mpy7Eg/images/3667653909-Playstation-Button-L2.png	ok:3667653909-Playstation-Button-L2.png
https://bitbucket.org/repo/Mpy7Eg/images/3696162448-snapshot20150630092456.jpg	ok:3696162448-snapshot20150630092456.jpg
https://bitbucket.org/repo/Mpy7Eg/images/3709991278-snapshot20150630093517.jpg	ok:3709991278-snapshot20150630093517.jpg
https://bitbucket.org/repo/Mpy7Eg/images/3727454202-snapshot20150630093023.jpg	ok:3727454202-snapshot20150630093023.jpg
https://bitbucket.org/repo/Mpy7Eg/images/3801833563-2md7xs.jpg	FAIL:magic(b'<!DO')
https://bitbucket.org/repo/Mpy7Eg/images/3811602128-EXHUMED_WIDE.jpg	FAIL:magic(b'<!DO')
https://bitbucket.org/repo/Mpy7Eg/images/3822520907-CROC_BEFORE.JPG	ok:3822520907-CROC_BEFORE.JPG
https://bitbucket.org/repo/Mpy7Eg/images/3842121570-RE_BEFORE.JPG	ok:3842121570-RE_BEFORE.JPG
https://bitbucket.org/repo/Mpy7Eg/images/3844714277-POPS2CUE.JPG	FAIL:magic(b'<?xm')
https://bitbucket.org/repo/Mpy7Eg/images/3851751281-17_bmp10.jpg	ok:3851751281-17_bmp10.jpg
https://bitbucket.org/repo/Mpy7Eg/images/397598902-snapshot20150630093122.jpg	ok:397598902-snapshot20150630093122.jpg
https://bitbucket.org/repo/Mpy7Eg/images/3994462941-scan.jpg	ok:3994462941-scan.jpg
https://bitbucket.org/repo/Mpy7Eg/images/4001887168-Playstation-Button-C.png	ok:4001887168-Playstation-Button-C.png
https://bitbucket.org/repo/Mpy7Eg/images/4009783262-APE_ESCAPE_BEFORE.JPG	ok:4009783262-APE_ESCAPE_BEFORE.JPG
https://bitbucket.org/repo/Mpy7Eg/images/4095826607-GRAN_TURISMO_WIDE.jpg	FAIL:magic(b'<!DO')
https://bitbucket.org/repo/Mpy7Eg/images/4104386788-WO3_BEFORE.JPG	ok:4104386788-WO3_BEFORE.JPG
https://bitbucket.org/repo/Mpy7Eg/images/4108913469-Playstation-Dpad-Left.png	ok:4108913469-Playstation-Dpad-Left.png
https://bitbucket.org/repo/Mpy7Eg/images/4139879895-toolbox01.jpg	ok:4139879895-toolbox01.jpg
https://bitbucket.org/repo/Mpy7Eg/images/4167889106-MGSVR_AFTER2.JPG	ok:4167889106-MGSVR_AFTER2.JPG
https://bitbucket.org/repo/Mpy7Eg/images/4213102423-WO3_AFTER.JPG	ok:4213102423-WO3_AFTER.JPG
https://bitbucket.org/repo/Mpy7Eg/images/4238144417-preview-guidelines.png	ok:4238144417-preview-guidelines.png
https://bitbucket.org/repo/Mpy7Eg/images/4245474844-APOCALYPSE_WIDE.jpg	ok:4245474844-APOCALYPSE_WIDE.jpg
https://bitbucket.org/repo/Mpy7Eg/images/4249513129-MEDIEVIL_WIDE.jpg	FAIL:magic(b'<?xm')
https://bitbucket.org/repo/Mpy7Eg/images/42794076-CMR2_BEFORE.JPG	ok:42794076-CMR2_BEFORE.JPG
https://bitbucket.org/repo/Mpy7Eg/images/4286767539-2n0oweq.jpg	FAIL:magic(b'\x89PNG')
https://bitbucket.org/repo/Mpy7Eg/images/4289708765-Playstation-Button-PS.png	ok:4289708765-Playstation-Button-PS.png
https://bitbucket.org/repo/Mpy7Eg/images/446039127-SOUL_REAVER_WIDE.jpg	FAIL:magic(b'<?xm')
https://bitbucket.org/repo/Mpy7Eg/images/451160883-TEKKEN2_BEFORE.JPG	ok:451160883-TEKKEN2_BEFORE.JPG
https://bitbucket.org/repo/Mpy7Eg/images/460509596-DINO_CRISIS_2_WIDE.jpg	ok:460509596-DINO_CRISIS_2_WIDE.jpg
https://bitbucket.org/repo/Mpy7Eg/images/471851278-DIE_HARD_TRILOGY_2_WIDE.jpg	FAIL:magic(b'<!DO')
https://bitbucket.org/repo/Mpy7Eg/images/483632241-Capture.PNG	ok:483632241-Capture.PNG
https://bitbucket.org/repo/Mpy7Eg/images/527436286-Ps2%20v1.png	ok:527436286-Ps2-v1.png
https://bitbucket.org/repo/Mpy7Eg/images/538222967-XMB%20v2.png	ok:538222967-XMB-v2.png
https://bitbucket.org/repo/Mpy7Eg/images/550697655-CB_AFTER.JPG	ok:550697655-CB_AFTER.JPG
https://bitbucket.org/repo/Mpy7Eg/images/645826872-APE_ESCAPE_AFTER.JPG	ok:645826872-APE_ESCAPE_AFTER.JPG
https://bitbucket.org/repo/Mpy7Eg/images/65599370-METAL_GEAR_SOLID_WIDE.jpg	FAIL:magic(b'<?xm')
https://bitbucket.org/repo/Mpy7Eg/images/727086931-GHOST_IN_THE_SHELL_WIDE.jpg	FAIL:magic(b'<!DO')
https://bitbucket.org/repo/Mpy7Eg/images/781950224-psbb2-21.jpg	ok:781950224-psbb2-21.jpg
https://bitbucket.org/repo/Mpy7Eg/images/88704396-5.png	ok:88704396-5.png
https://bitbucket.org/repo/Mpy7Eg/images/95817135-3.png	ok:95817135-3.png
https://bitbucket.org/repo/Mpy7Eg/images/977332205-FF7_BEFORE.JPG	ok:977332205-FF7_BEFORE.JPG
https://bitbucket.org/repo/Mpy7Eg/images/997655191-WIPEOUT_3_WIDE.jpg	FAIL:magic(b'<!DO')
https://media.giphy.com/media/z1RWCfBXTue3K/giphy.gif	ok:giphy.gif
https://bitbucket.org/ShaolinAssassin/popstarter-documentation-stuff/downloads/BATCHER_0.3.1.EXE	FAIL:magic(b'<!DO')
https://bitbucket.org/ShaolinAssassin/popstarter-documentation-stuff/downloads/CUE2POPS_2.3.7z	FAIL:magic(b'<!DO')
https://bitbucket.org/ShaolinAssassin/popstarter-documentation-stuff/downloads/Compatibility%20Modes.zip	no-snapshot
https://bitbucket.org/ShaolinAssassin/popstarter-documentation-stuff/downloads/Compatibility_Modes.7z	FAIL:magic(b'<!DO')
https://bitbucket.org/ShaolinAssassin/popstarter-documentation-stuff/downloads/DISCS_POOPER.BAT.7z	no-snapshot
https://bitbucket.org/ShaolinAssassin/popstarter-documentation-stuff/downloads/Game%20Fixes.zip	no-snapshot
https://bitbucket.org/ShaolinAssassin/popstarter-documentation-stuff/downloads/Game_Fixes.7z	no-snapshot
https://bitbucket.org/ShaolinAssassin/popstarter-documentation-stuff/downloads/IGR_Behaviour_Modifiers.7z	FAIL:magic(b'<!DO')
https://bitbucket.org/ShaolinAssassin/popstarter-documentation-stuff/downloads/IGR_Behaviour_Modifiers.zip	FAIL:magic(b'<!DO')
https://bitbucket.org/ShaolinAssassin/popstarter-documentation-stuff/downloads/IGR_sample_kit.7z	FAIL:magic(b'<!DO')
https://bitbucket.org/ShaolinAssassin/popstarter-documentation-stuff/downloads/IGR_textures_-_English_pack.7z	FAIL:magic(b'<!DO')
https://bitbucket.org/ShaolinAssassin/popstarter-documentation-stuff/downloads/IGR_textures_-_French_pack.7z	FAIL:magic(b'<!DO')
https://bitbucket.org/ShaolinAssassin/popstarter-documentation-stuff/downloads/IGR_textures_-_German_Pack.7z	FAIL:magic(b'<!DO')
https://bitbucket.org/ShaolinAssassin/popstarter-documentation-stuff/downloads/IGR_textures_-_Polish_pack.7z	FAIL:magic(b'<!DO')
https://bitbucket.org/ShaolinAssassin/popstarter-documentation-stuff/downloads/IGR_textures_-_Portuguese_pack.7z	FAIL:magic(b'<!DO')
https://bitbucket.org/ShaolinAssassin/popstarter-documentation-stuff/downloads/IGR_textures_-_Spanish_pack.7z	FAIL:magic(b'<!DO')
https://bitbucket.org/ShaolinAssassin/popstarter-documentation-stuff/downloads/NOPAL_PATCH.7z	FAIL:magic(b'<?xm')
https://bitbucket.org/ShaolinAssassin/popstarter-documentation-stuff/downloads/POPStarter%20r13%20WIP%2005.zip	no-snapshot
https://bitbucket.org/ShaolinAssassin/popstarter-documentation-stuff/downloads/POPStarter_BATCHER_06192016.7z	no-snapshot
https://bitbucket.org/ShaolinAssassin/popstarter-documentation-stuff/downloads/POPStarter_Quickstarter_Pack_HDD_2017_01_10.7z	no-snapshot
https://bitbucket.org/ShaolinAssassin/popstarter-documentation-stuff/downloads/POPStarter_Quickstarter_Pack_USB__2017_01_10.7z	no-snapshot
https://bitbucket.org/ShaolinAssassin/popstarter-documentation-stuff/downloads/POPStarter_SMB_Quickstarter_Pack_20171027.7z	no-snapshot
https://bitbucket.org/ShaolinAssassin/popstarter-documentation-stuff/downloads/POPStarter_USB_Quickstarter_Pack_20171027.7z	no-snapshot
